Holiday_Status,sum,mean,count
Holiday,505299551.0,1122887.891111111,450
Non-Holiday,6231919457.0,1041256.3837928154,5985
